mois,finalBalance,bestTrade,worstTrade,drawDown,taxes,totalTrades,totalGoodTrades,totalBadTrades,winRateRatio,tradesPerformance,parametres
02-2022,1600.81,39.6,-4.56,21.06,129.38,125.0,52.0,73.0,41.6,0.49,2 -5 0 -10.0 5 2.4 30 20 312 216 10 50 45
02-2022,1485.61,45.08,-3.14,24.18,111.22,110.0,37.0,73.0,33.64,0.48,2 -5 0 -10.0 15 2.4 30 20 312 216 10 50 45
02-2022,1422.11,39.46,-4.26,27.31,131.86,134.0,52.0,82.0,38.81,0.37,2 -5 0 -10.0 0 2.4 30 20 312 216 10 50 45
02-2022,1420.78,42.55,-3.99,30.55,73.98,83.0,30.0,53.0,36.14,0.58,2 -5 0 -10.0 15 2.8 20 20 312 216 10 50 45
02-2022,1416.48,45.27,-3.59,18.73,79.71,79.0,34.0,45.0,43.04,0.6,2 -5 0 -10.0 20 2.4 30 20 312 216 10 50 45
02-2022,1371.62,25.89,-4.92,33.3,64.17,76.0,29.0,47.0,38.16,0.55,2 -5 0 -10.0 5 2.8 30 20 312 216 10 50 45
02-2022,1362.6,35.28,-5.8,28.33,87.0,112.0,42.0,70.0,37.5,0.4,2 -5 0 -10.0 5 2.4 40 20 312 216 10 50 45
02-2022,1354.98,16.81,-3.28,32.27,79.43,94.0,34.0,60.0,36.17,0.4,2 -5 0 -10.0 15 2.4 40 20 312 216 10 50 45
02-2022,1307.38,13.11,-3.65,26.64,98.72,114.0,37.0,77.0,32.46,0.3,2 -5 0 -10.0 15 2.0 40 20 312 216 10 50 45
02-2022,1260.61,12.35,-3.23,24.39,121.51,138.0,45.0,93.0,32.61,0.23,2 -5 0 -10.0 15 1.6 40 20 312 216 10 50 45
02-2022,1239.24,35.28,-5.8,33.58,89.74,116.0,39.0,77.0,33.62,0.3,2 -5 0 -10.0 0 2.4 40 20 312 216 10 50 45
02-2022,1214.58,11.66,-3.05,13.15,82.64,94.0,37.0,57.0,39.36,0.27,2 -5 0 -10.0 20 1.6 40 20 312 216 10 50 45
02-2022,1202.67,25.57,-4.47,36.49,66.48,84.0,29.0,55.0,34.52,0.35,2 -5 0 -10.0 0 2.8 30 20 312 216 10 50 45
02-2022,1197.19,12.04,-3.44,20.31,117.2,145.0,49.0,96.0,33.79,0.18,2 -5 0 -10.0 15 2.0 30 20 312 216 10 50 45
02-2022,1196.82,9.73,-2.58,13.44,126.87,161.0,57.0,104.0,35.4,0.16,2 -5 0 -10.0 20 1.2 20 20 312 216 10 50 45
02-2022,1165.18,38.96,-4.26,30.31,112.04,131.0,43.0,88.0,32.82,0.22,2 -5 0 -10.0 10 2.4 30 20 312 216 10 50 45
02-2022,1160.21,12.62,-3.66,30.14,151.12,184.0,72.0,112.0,39.13,0.13,2 -5 0 -10.0 0 2.0 30 20 312 216 10 50 45
02-2022,1154.94,22.07,-4.9,29.75,38.54,52.0,20.0,32.0,38.46,0.41,2 -5 0 -10.0 20 2.8 30 20 312 216 10 50 45
02-2022,1154.76,43.51,-4.11,30.35,132.11,151.0,58.0,93.0,38.41,0.2,2 -5 0 -10.0 5 2.4 20 20 312 216 10 50 45
02-2022,1144.27,16.97,-3.63,21.5,54.0,71.0,30.0,41.0,42.25,0.27,2 -5 0 -10.0 20 2.4 40 20 312 216 10 50 45
02-2022,1143.92,12.3,-3.16,16.26,139.88,172.0,60.0,112.0,34.88,0.13,2 -5 0 -10.0 15 2.0 20 20 312 216 10 50 45
02-2022,1139.7,19.45,-4.43,23.97,115.23,144.0,54.0,90.0,37.5,0.16,2 -5 0 -10.0 5 2.0 40 20 312 216 10 50 45
02-2022,1129.84,12.33,-2.6,12.59,150.77,192.0,72.0,120.0,37.5,0.11,2 -5 0 -10.0 15 1.2 30 20 312 216 10 50 45
02-2022,1126.96,46.53,-3.44,31.8,106.66,123.0,39.0,84.0,31.71,0.21,2 -5 0 -10.0 15 2.4 20 20 312 216 10 50 45
02-2022,1121.12,9.82,-2.11,22.02,305.34,379.0,122.0,257.0,32.19,0.08,2 -5 0 -10.0 0 1.2 20 20 312 216 10 50 45
02-2022,1113.99,11.9,-3.15,19.27,137.39,169.0,59.0,110.0,34.91,0.12,2 -5 0 -10.0 15 1.6 30 20 312 216 10 50 45
02-2022,1112.51,32.95,-8.04,35.01,71.22,88.0,36.0,52.0,40.91,0.24,2 -5 0 -10.0 5 2.8 20 20 312 216 10 50 45
02-2022,1110.12,13.59,-4.21,33.55,155.59,183.0,61.0,122.0,33.33,0.12,2 -5 0 -10.0 5 1.6 40 20 312 216 10 50 45
02-2022,1099.26,11.5,-4.02,20.75,129.99,163.0,57.0,106.0,34.97,0.11,2 -5 0 -10.0 15 1.2 40 20 312 216 10 50 45
02-2022,1091.44,48.07,-4.12,36.33,123.96,141.0,49.0,92.0,34.75,0.18,2 -5 0 -10.0 10 2.4 20 20 312 216 10 50 45
02-2022,1074.94,9.42,-1.92,16.45,104.8,142.0,50.0,92.0,35.21,0.1,2 -5 0 -10.0 20 1.6 20 20 312 216 10 50 45
02-2022,1074.64,6.72,-2.65,16.13,269.59,367.0,176.0,191.0,47.96,0.06,2 -5 0 0.0 15 1.2 30 20 312 216 10 50 45
02-2022,1073.55,14.2,-3.2,29.21,183.1,224.0,85.0,139.0,37.95,0.09,2 -5 0 -10.0 0 1.6 30 20 312 216 10 50 45
02-2022,1072.88,7.01,-3.89,18.26,343.28,497.0,232.0,265.0,46.68,0.05,2 -5 0 0.0 10 2.4 40 20 312 216 10 50 45
02-2022,1069.95,7.01,-3.89,18.36,344.94,497.0,232.0,265.0,46.68,0.05,2 -5 0 0.0 10 2.8 40 20 312 216 10 50 45
02-2022,1068.2,28.26,-4.19,32.8,58.29,74.0,27.0,47.0,36.49,0.2,2 -5 0 -10.0 10 2.8 30 20 312 216 10 50 45
02-2022,1062.86,12.35,-3.09,29.8,130.07,172.0,60.0,112.0,34.88,0.09,2 -5 0 -10.0 10 2.0 30 20 312 216 10 50 45
02-2022,1062.7,7.01,-2.69,19.37,348.12,500.0,233.0,267.0,46.6,0.05,2 -5 0 0.0 10 2.0 30 20 312 216 10 50 45
02-2022,1059.41,7.01,-3.89,19.22,344.48,497.0,232.0,265.0,46.68,0.05,2 -5 0 0.0 10 2.8 30 20 312 216 10 50 45
02-2022,1057.02,7.01,-3.89,18.94,342.62,496.0,232.0,264.0,46.77,0.05,2 -5 0 0.0 10 2.8 20 20 312 216 10 50 45
02-2022,1055.69,7.01,-3.89,19.78,346.91,498.0,232.0,266.0,46.59,0.05,2 -5 0 0.0 10 2.4 30 20 312 216 10 50 45
02-2022,1050.19,7.01,-2.59,18.92,347.43,502.0,234.0,268.0,46.61,0.05,2 -5 0 0.0 10 2.4 20 20 312 216 10 50 45
02-2022,1039.08,10.39,-3.69,23.15,70.16,86.0,31.0,55.0,36.05,0.11,2 -5 0 -10.0 20 2.0 40 20 312 216 10 50 45
02-2022,1038.19,7.01,-2.64,21.11,349.31,503.0,234.0,269.0,46.52,0.05,2 -5 0 0.0 10 1.6 40 20 312 216 10 50 45
02-2022,1037.72,7.01,-4.27,20.08,342.11,500.0,234.0,266.0,46.8,0.05,2 -5 0 0.0 10 2.0 40 20 312 216 10 50 45
02-2022,1033.64,7.01,-2.44,20.99,355.25,515.0,239.0,276.0,46.41,0.05,2 -5 0 0.0 10 2.0 20 20 312 216 10 50 45
02-2022,1030.46,7.01,-2.59,19.15,343.21,507.0,233.0,274.0,45.96,0.05,2 -5 0 0.0 10 1.2 40 20 312 216 10 50 45
02-2022,1028.15,5.6,-2.95,16.43,69.93,96.0,38.0,58.0,39.58,0.08,2 -5 0 -10.0 20 2.0 30 20 312 216 10 50 45
02-2022,1019.45,12.64,-4.14,28.95,129.82,182.0,69.0,113.0,37.91,0.07,2 -5 0 -10.0 5 2.0 30 20 312 216 10 50 45
02-2022,1019.45,14.09,-2.55,17.13,186.16,262.0,84.0,178.0,32.06,0.05,2 -5 0 -10.0 15 1.2 20 20 312 216 10 50 45
02-2022,1017.78,7.01,-2.9,20.05,343.59,507.0,238.0,269.0,46.94,0.04,2 -5 0 0.0 10 1.6 30 20 312 216 10 50 45
02-2022,1003.78,32.95,-8.11,40.99,68.86,90.0,34.0,56.0,37.78,0.12,2 -5 0 -10.0 0 2.8 20 20 312 216 10 50 45
02-2022,998.38,26.43,-4.11,34.2,132.55,164.0,59.0,105.0,35.98,0.07,2 -5 0 -10.0 0 2.4 20 20 312 216 10 50 45
02-2022,994.67,13.58,-2.86,27.6,203.77,278.0,91.0,187.0,32.73,0.05,2 -5 0 -10.0 0 1.2 30 20 312 216 10 50 45
02-2022,989.88,14.69,-6.61,28.16,38.15,54.0,22.0,32.0,40.74,0.06,2 -5 0 -10.0 20 2.8 20 20 312 216 10 50 45
02-2022,988.82,14.03,-2.51,25.27,220.98,309.0,104.0,205.0,33.66,0.04,2 -5 0 -10.0 0 1.6 20 20 312 216 10 50 45
02-2022,988.22,32.95,-4.21,34.48,66.71,92.0,33.0,59.0,35.87,0.09,2 -5 0 -10.0 10 2.8 20 20 312 216 10 50 45
02-2022,987.2,7.01,-2.48,19.71,339.59,513.0,237.0,276.0,46.2,0.04,2 -5 0 0.0 10 1.2 30 20 312 216 10 50 45
02-2022,985.69,16.57,-6.04,32.53,34.69,50.0,21.0,29.0,42.0,0.06,2 -5 0 -10.0 20 2.8 40 20 312 216 10 50 45
02-2022,974.76,6.15,-2.22,14.84,93.93,129.0,48.0,81.0,37.21,0.02,2 -5 0 -10.0 20 1.2 30 20 312 216 10 50 45
02-2022,968.42,12.47,-4.03,24.86,144.62,201.0,69.0,132.0,34.33,0.04,2 -5 0 -10.0 10 1.2 40 20 312 216 10 50 45
02-2022,961.75,19.12,-4.47,29.34,110.29,152.0,54.0,98.0,35.53,0.04,2 -5 0 -10.0 0 2.0 40 20 312 216 10 50 45
02-2022,955.26,13.29,-3.25,26.23,169.38,235.0,86.0,149.0,36.6,0.03,2 -5 0 -10.0 0 2.0 20 20 312 216 10 50 45
02-2022,950.76,16.81,-5.87,38.71,45.89,69.0,24.0,45.0,34.78,0.03,2 -5 0 -10.0 15 2.8 40 20 312 216 10 50 45
02-2022,950.21,11.97,-3.16,20.47,160.98,216.0,66.0,150.0,30.56,0.02,2 -5 0 -10.0 15 1.6 20 20 312 216 10 50 45
02-2022,945.7,19.53,-5.33,32.72,44.66,69.0,26.0,43.0,37.68,0.01,2 -5 0 -10.0 15 2.8 30 20 312 216 10 50 45
02-2022,944.86,6.31,-3.12,17.87,82.5,112.0,43.0,69.0,38.39,-0.0,2 -5 0 -10.0 20 1.6 30 20 312 216 10 50 45
02-2022,943.89,9.9,-2.2,24.34,262.67,377.0,122.0,255.0,32.36,0.03,2 -5 0 -10.0 5 1.2 20 20 312 216 10 50 45
02-2022,942.63,4.77,-6.64,22.02,60.7,87.0,39.0,48.0,44.83,-0.02,2 -5 0 -10.0 20 2.4 20 20 312 216 10 50 45
02-2022,941.64,13.07,-4.08,29.75,162.45,223.0,81.0,142.0,36.32,0.03,2 -5 0 -10.0 0 1.2 40 20 312 216 10 50 45
02-2022,940.77,5.87,-2.86,21.37,263.69,388.0,170.0,218.0,43.81,0.02,2 -5 0 0.0 15 1.2 20 20 312 216 10 50 45
02-2022,934.75,11.4,-3.77,33.62,97.5,137.0,44.0,93.0,32.12,0.01,2 -5 0 -10.0 10 2.0 40 20 312 216 10 50 45
02-2022,932.33,19.83,-3.06,24.18,155.86,215.0,74.0,141.0,34.42,0.02,2 -5 0 -10.0 10 2.0 20 20 312 216 10 50 45
02-2022,923.47,5.74,-3.14,19.21,81.48,113.0,42.0,71.0,37.17,-0.03,2 -5 0 -10.0 20 1.2 40 20 312 216 10 50 45
02-2022,920.53,7.01,-2.44,25.15,346.04,534.0,246.0,288.0,46.07,0.02,2 -5 0 0.0 10 1.6 20 20 312 216 10 50 45
02-2022,903.21,6.66,-4.22,20.69,352.83,561.0,253.0,308.0,45.1,0.02,2 -5 0 0.0 5 2.8 30 20 312 216 10 50 45
02-2022,902.84,7.01,-2.7,24.86,351.04,543.0,243.0,300.0,44.75,0.02,2 -5 0 0.0 10 1.2 20 20 312 216 10 50 45
02-2022,902.31,6.66,-4.22,20.48,352.96,561.0,253.0,308.0,45.1,0.02,2 -5 0 0.0 5 2.8 40 20 312 216 10 50 45
02-2022,900.34,6.66,-4.22,20.4,350.83,562.0,254.0,308.0,45.2,0.02,2 -5 0 0.0 5 2.4 30 20 312 216 10 50 45
02-2022,898.34,13.66,-3.17,28.67,164.59,234.0,84.0,150.0,35.9,0.01,2 -5 0 -10.0 5 2.0 20 20 312 216 10 50 45
02-2022,897.66,6.66,-4.22,21.04,351.52,561.0,254.0,307.0,45.28,0.02,2 -5 0 0.0 5 2.8 20 20 312 216 10 50 45
02-2022,895.23,6.66,-2.72,21.62,358.39,569.0,256.0,313.0,44.99,0.02,2 -5 0 0.0 5 2.4 20 20 312 216 10 50 45
02-2022,892.78,6.92,-3.15,19.71,83.99,119.0,47.0,72.0,39.5,-0.05,2 -5 0 -10.0 20 2.0 20 20 312 216 10 50 45
02-2022,891.16,6.66,-4.22,21.65,346.98,562.0,254.0,308.0,45.2,0.02,2 -5 0 0.0 5 2.4 40 20 312 216 10 50 45
02-2022,879.71,11.68,-3.33,33.24,118.41,170.0,54.0,116.0,31.76,-0.03,2 -5 0 -10.0 10 1.6 40 20 312 216 10 50 45
02-2022,879.17,13.76,-3.2,34.7,167.04,230.0,80.0,150.0,34.78,-0.0,2 -5 0 -10.0 5 1.6 30 20 312 216 10 50 45
02-2022,879.0,13.58,-3.42,23.42,184.08,274.0,89.0,185.0,32.48,0.0,2 -5 0 -10.0 5 1.2 30 20 312 216 10 50 45
02-2022,868.38,13.58,-2.51,24.99,205.17,307.0,98.0,209.0,31.92,0.0,2 -5 0 -10.0 5 1.6 20 20 312 216 10 50 45
02-2022,863.51,11.45,-5.8,39.29,76.12,117.0,39.0,78.0,33.33,-0.06,2 -5 0 -10.0 10 2.4 40 20 312 216 10 50 45
02-2022,862.02,6.66,-4.6,24.09,344.11,567.0,257.0,310.0,45.33,0.01,2 -5 0 0.0 5 2.0 40 20 312 216 10 50 45
02-2022,861.0,6.66,-4.18,24.57,345.96,568.0,256.0,312.0,45.07,0.01,2 -5 0 0.0 5 2.0 30 20 312 216 10 50 45
02-2022,855.37,6.66,-2.44,26.8,351.52,585.0,261.0,324.0,44.62,0.01,2 -5 0 0.0 5 2.0 20 20 312 216 10 50 45
02-2022,854.09,13.63,-2.13,30.75,206.4,335.0,93.0,242.0,27.76,-0.0,2 -5 0 -10.0 10 1.2 20 20 312 216 10 50 45
02-2022,847.15,6.66,-4.22,25.53,345.79,570.0,255.0,315.0,44.74,0.01,2 -5 0 0.0 5 1.6 40 20 312 216 10 50 45
02-2022,835.95,12.35,-2.86,31.43,166.58,249.0,83.0,166.0,33.33,-0.02,2 -5 0 -10.0 10 1.2 30 20 312 216 10 50 45
02-2022,829.58,6.66,-3.32,26.87,342.24,575.0,261.0,314.0,45.39,0.01,2 -5 0 0.0 5 1.6 30 20 312 216 10 50 45
02-2022,816.65,6.66,-4.22,26.42,345.14,582.0,259.0,323.0,44.5,0.0,2 -5 0 0.0 5 1.2 40 20 312 216 10 50 45
02-2022,810.34,11.84,-4.21,34.01,128.23,194.0,67.0,127.0,34.54,-0.06,2 -5 0 -10.0 0 1.6 40 20 312 216 10 50 45
02-2022,803.33,6.66,-3.32,27.85,346.51,584.0,258.0,326.0,44.18,0.0,2 -5 0 0.0 5 1.2 30 20 312 216 10 50 45
02-2022,799.84,12.35,-3.02,31.98,140.4,212.0,73.0,139.0,34.43,-0.06,2 -5 0 -10.0 10 1.6 30 20 312 216 10 50 45
02-2022,798.89,12.72,-6.0,37.31,47.38,73.0,25.0,48.0,34.25,-0.23,2 -5 0 -10.0 5 2.8 40 20 312 216 10 50 45
02-2022,790.88,5.8,-2.73,28.0,372.58,619.0,268.0,351.0,43.3,0.0,2 -5 0 0.0 5 1.2 20 20 312 216 10 50 45
02-2022,769.95,5.29,-2.44,32.38,341.73,597.0,262.0,335.0,43.89,-0.01,2 -5 0 0.0 5 1.6 20 20 312 216 10 50 45
02-2022,757.92,6.66,-4.22,31.86,345.19,590.0,261.0,329.0,44.24,-0.01,2 -5 0 0.0 0 2.8 30 20 312 216 10 50 45
02-2022,754.95,6.66,-4.22,32.12,345.09,590.0,261.0,329.0,44.24,-0.01,2 -5 0 0.0 0 2.8 40 20 312 216 10 50 45
02-2022,754.9,12.55,-5.93,43.68,45.91,73.0,23.0,50.0,31.51,-0.3,2 -5 0 -10.0 10 2.8 40 20 312 216 10 50 45
02-2022,753.31,6.66,-4.22,31.99,342.96,591.0,262.0,329.0,44.33,-0.01,2 -5 0 0.0 0 2.4 30 20 312 216 10 50 45
02-2022,750.25,6.66,-2.72,32.61,350.17,597.0,266.0,331.0,44.56,-0.01,2 -5 0 0.0 0 2.4 20 20 312 216 10 50 45
02-2022,747.78,6.66,-4.13,32.77,341.53,590.0,262.0,328.0,44.41,-0.01,2 -5 0 0.0 0 2.8 20 20 312 216 10 50 45
02-2022,747.25,6.66,-4.25,33.95,341.41,595.0,265.0,330.0,44.54,-0.01,2 -5 0 0.0 0 2.0 30 20 312 216 10 50 45
02-2022,747.14,6.31,-2.77,29.03,171.26,275.0,84.0,191.0,30.55,-0.06,2 -5 0 -10.0 10 1.6 20 20 312 216 10 50 45
02-2022,745.64,6.66,-4.22,33.27,339.4,591.0,262.0,329.0,44.33,-0.01,2 -5 0 0.0 0 2.4 40 20 312 216 10 50 45
02-2022,739.24,13.88,-4.21,37.34,139.16,227.0,75.0,152.0,33.04,-0.08,2 -5 0 -10.0 5 1.2 40 20 312 216 10 50 45
02-2022,735.06,6.66,-4.6,34.25,337.34,594.0,266.0,328.0,44.78,-0.01,2 -5 0 0.0 0 2.0 40 20 312 216 10 50 45
02-2022,733.76,6.66,-2.44,35.53,348.28,614.0,274.0,340.0,44.63,-0.01,2 -5 0 0.0 0 2.0 20 20 312 216 10 50 45
02-2022,716.46,6.66,-4.29,35.72,339.67,599.0,265.0,334.0,44.24,-0.02,2 -5 0 0.0 0 1.6 40 20 312 216 10 50 45
02-2022,715.64,12.49,-6.07,42.28,47.98,78.0,25.0,53.0,32.05,-0.35,2 -5 0 -10.0 0 2.8 40 20 312 216 10 50 45
02-2022,713.26,5.8,-2.73,34.53,375.34,650.0,283.0,367.0,43.54,-0.01,2 -5 0 0.0 0 1.2 20 20 312 216 10 50 45
02-2022,705.6,6.66,-3.38,36.82,337.72,606.0,269.0,337.0,44.39,-0.02,2 -5 0 0.0 0 1.6 30 20 312 216 10 50 45
02-2022,702.03,6.66,-4.29,36.48,340.81,613.0,270.0,343.0,44.05,-0.02,2 -5 0 0.0 0 1.2 40 20 312 216 10 50 45
02-2022,687.8,6.66,-3.38,37.54,343.27,618.0,269.0,349.0,43.53,-0.02,2 -5 0 0.0 0 1.2 30 20 312 216 10 50 45
02-2022,683.45,5.29,-2.44,39.15,339.35,627.0,276.0,351.0,44.02,-0.02,2 -5 0 0.0 0 1.6 20 20 312 216 10 50 45
