,dates,finalBalance,perfVSUSD,holdPercentage,vsHoldPercentage,bestTrade,worstTrade,drawDown,taxes,totalTrades,totalGoodTrades,totalBadTrades,winRateRatio,tradesPerformance,averagePercentagePositivTrades,averagePercentageNegativTrades,startingBalance,maxPositions,parametrePVO2,parametrePERF,parametreTRIX_HISTO,parametrePVO,parametreBOL_BANDwindowdev,parametreBOL_BANDwindow,parametreMACD,parametreEMA13D,parametreEMA9D,parametreEMA10,parametreEMA50,parametreEMA45
0,[2022-02-01 00:00:00] -> [2022-03-01 23:55:00],1121.12,12.15,15.59,-2.98,9.82,-2.11,22.02,305.34,379.0,122.0,257.0,32.19,0.08,1.45,-0.58,1000,2,-5,0,-10.0,0,1.2,20,20,312,216,10,50,45
1,[2022-02-01 00:00:00] -> [2022-03-01 23:55:00],994.67,-0.5,15.59,-13.92,13.58,-2.86,27.6,203.77,278.0,91.0,187.0,32.73,0.05,1.59,-0.7,1000,2,-5,0,-10.0,0,1.2,30,20,312,216,10,50,45
2,[2022-02-01 00:00:00] -> [2022-03-01 23:55:00],941.64,-5.8,15.59,-18.51,13.07,-4.08,29.75,162.45,223.0,81.0,142.0,36.32,0.03,1.61,-0.88,1000,2,-5,0,-10.0,0,1.2,40,20,312,216,10,50,45
3,[2022-02-01 00:00:00] -> [2022-03-01 23:55:00],988.82,-1.08,15.59,-14.43,14.03,-2.51,25.27,220.98,309.0,104.0,205.0,33.66,0.04,1.5,-0.69,1000,2,-5,0,-10.0,0,1.6,20,20,312,216,10,50,45
4,[2022-02-01 00:00:00] -> [2022-03-01 23:55:00],1073.55,7.39,15.59,-7.1,14.2,-3.2,29.21,183.1,224.0,85.0,139.0,37.95,0.09,1.63,-0.86,1000,2,-5,0,-10.0,0,1.6,30,20,312,216,10,50,45
5,[2022-02-01 00:00:00] -> [2022-03-01 23:55:00],810.34,-18.94,15.59,-29.87,11.84,-4.21,34.01,128.23,194.0,67.0,127.0,34.54,-0.06,1.64,-0.95,1000,2,-5,0,-10.0,0,1.6,40,20,312,216,10,50,45
6,[2022-02-01 00:00:00] -> [2022-03-01 23:55:00],955.26,-4.44,15.59,-17.33,13.29,-3.25,26.23,169.38,235.0,86.0,149.0,36.6,0.03,1.59,-0.86,1000,2,-5,0,-10.0,0,2.0,20,20,312,216,10,50,45
7,[2022-02-01 00:00:00] -> [2022-03-01 23:55:00],1160.21,16.06,15.59,0.4,12.62,-3.66,30.14,151.12,184.0,72.0,112.0,39.13,0.13,1.73,-0.89,1000,2,-5,0,-10.0,0,2.0,30,20,312,216,10,50,45
8,[2022-02-01 00:00:00] -> [2022-03-01 23:55:00],961.75,-3.79,15.59,-16.77,19.12,-4.47,29.34,110.29,152.0,54.0,98.0,35.53,0.04,2.13,-1.11,1000,2,-5,0,-10.0,0,2.0,40,20,312,216,10,50,45
9,[2022-02-01 00:00:00] -> [2022-03-01 23:55:00],998.38,-0.13,15.59,-13.6,26.43,-4.11,34.2,132.55,164.0,59.0,105.0,35.98,0.07,2.11,-1.07,1000,2,-5,0,-10.0,0,2.4,20,20,312,216,10,50,45
10,[2022-02-01 00:00:00] -> [2022-03-01 23:55:00],1422.11,42.26,15.59,23.07,39.46,-4.26,27.31,131.86,134.0,52.0,82.0,38.81,0.37,2.77,-1.15,1000,2,-5,0,-10.0,0,2.4,30,20,312,216,10,50,45
11,[2022-02-01 00:00:00] -> [2022-03-01 23:55:00],1239.24,23.97,15.59,7.24,35.28,-5.8,33.58,89.74,116.0,39.0,77.0,33.62,0.3,3.43,-1.28,1000,2,-5,0,-10.0,0,2.4,40,20,312,216,10,50,45
12,[2022-02-01 00:00:00] -> [2022-03-01 23:55:00],1003.78,0.41,15.59,-13.13,32.95,-8.11,40.99,68.86,90.0,34.0,56.0,37.78,0.12,2.89,-1.56,1000,2,-5,0,-10.0,0,2.8,20,20,312,216,10,50,45
13,[2022-02-01 00:00:00] -> [2022-03-01 23:55:00],1202.67,20.31,15.59,4.08,25.57,-4.47,36.49,66.48,84.0,29.0,55.0,34.52,0.35,3.7,-1.42,1000,2,-5,0,-10.0,0,2.8,30,20,312,216,10,50,45
14,[2022-02-01 00:00:00] -> [2022-03-01 23:55:00],715.64,-28.41,15.59,-38.07,12.49,-6.07,42.28,47.98,78.0,25.0,53.0,32.05,-0.35,2.35,-1.63,1000,2,-5,0,-10.0,0,2.8,40,20,312,216,10,50,45
15,[2022-02-01 00:00:00] -> [2022-03-01 23:55:00],943.89,-5.58,15.59,-18.32,9.9,-2.2,24.34,262.67,377.0,122.0,255.0,32.36,0.03,1.33,-0.6,1000,2,-5,0,-10.0,5,1.2,20,20,312,216,10,50,45
16,[2022-02-01 00:00:00] -> [2022-03-01 23:55:00],879.0,-12.07,15.59,-23.93,13.58,-3.42,23.42,184.08,274.0,89.0,185.0,32.48,0.0,1.54,-0.74,1000,2,-5,0,-10.0,5,1.2,30,20,312,216,10,50,45
17,[2022-02-01 00:00:00] -> [2022-03-01 23:55:00],739.24,-26.05,15.59,-36.03,13.88,-4.21,37.34,139.16,227.0,75.0,152.0,33.04,-0.08,1.54,-0.88,1000,2,-5,0,-10.0,5,1.2,40,20,312,216,10,50,45
18,[2022-02-01 00:00:00] -> [2022-03-01 23:55:00],868.38,-13.13,15.59,-24.85,13.58,-2.51,24.99,205.17,307.0,98.0,209.0,31.92,0.0,1.47,-0.69,1000,2,-5,0,-10.0,5,1.6,20,20,312,216,10,50,45
19,[2022-02-01 00:00:00] -> [2022-03-01 23:55:00],879.17,-12.05,15.59,-23.92,13.76,-3.2,34.7,167.04,230.0,80.0,150.0,34.78,-0.0,1.59,-0.85,1000,2,-5,0,-10.0,5,1.6,30,20,312,216,10,50,45
20,[2022-02-01 00:00:00] -> [2022-03-01 23:55:00],1110.12,11.05,15.59,-3.93,13.59,-4.21,33.55,155.59,183.0,61.0,122.0,33.33,0.12,2.25,-0.95,1000,2,-5,0,-10.0,5,1.6,40,20,312,216,10,50,45
21,[2022-02-01 00:00:00] -> [2022-03-01 23:55:00],898.34,-10.13,15.59,-22.26,13.66,-3.17,28.67,164.59,234.0,84.0,150.0,35.9,0.01,1.56,-0.86,1000,2,-5,0,-10.0,5,2.0,20,20,312,216,10,50,45
22,[2022-02-01 00:00:00] -> [2022-03-01 23:55:00],1019.45,1.98,15.59,-11.78,12.64,-4.14,28.95,129.82,182.0,69.0,113.0,37.91,0.07,1.77,-0.97,1000,2,-5,0,-10.0,5,2.0,30,20,312,216,10,50,45
23,[2022-02-01 00:00:00] -> [2022-03-01 23:55:00],1139.7,14.01,15.59,-1.37,19.45,-4.43,23.97,115.23,144.0,54.0,90.0,37.5,0.16,2.3,-1.12,1000,2,-5,0,-10.0,5,2.0,40,20,312,216,10,50,45
24,[2022-02-01 00:00:00] -> [2022-03-01 23:55:00],1154.76,15.52,15.59,-0.07,43.51,-4.11,30.35,132.11,151.0,58.0,93.0,38.41,0.2,2.32,-1.13,1000,2,-5,0,-10.0,5,2.4,20,20,312,216,10,50,45
25,[2022-02-01 00:00:00] -> [2022-03-01 23:55:00],1600.81,60.14,15.59,38.53,39.6,-4.56,21.06,129.38,125.0,52.0,73.0,41.6,0.49,2.86,-1.2,1000,2,-5,0,-10.0,5,2.4,30,20,312,216,10,50,45
26,[2022-02-01 00:00:00] -> [2022-03-01 23:55:00],1362.6,36.31,15.59,17.92,35.28,-5.8,28.33,87.0,112.0,42.0,70.0,37.5,0.4,3.18,-1.27,1000,2,-5,0,-10.0,5,2.4,40,20,312,216,10,50,45
27,[2022-02-01 00:00:00] -> [2022-03-01 23:55:00],1112.51,11.29,15.59,-3.72,32.95,-8.04,35.01,71.22,88.0,36.0,52.0,40.91,0.24,2.78,-1.52,1000,2,-5,0,-10.0,5,2.8,20,20,312,216,10,50,45
28,[2022-02-01 00:00:00] -> [2022-03-01 23:55:00],1371.62,37.21,15.59,18.7,25.89,-4.92,33.3,64.17,76.0,29.0,47.0,38.16,0.55,3.76,-1.42,1000,2,-5,0,-10.0,5,2.8,30,20,312,216,10,50,45
29,[2022-02-01 00:00:00] -> [2022-03-01 23:55:00],798.89,-20.08,15.59,-30.86,12.72,-6.0,37.31,47.38,73.0,25.0,48.0,34.25,-0.23,2.38,-1.59,1000,2,-5,0,-10.0,5,2.8,40,20,312,216,10,50,45
30,[2022-02-01 00:00:00] -> [2022-03-01 23:55:00],854.09,-14.56,15.59,-26.09,13.63,-2.13,30.75,206.4,335.0,93.0,242.0,27.76,-0.0,1.47,-0.57,1000,2,-5,0,-10.0,10,1.2,20,20,312,216,10,50,45
31,[2022-02-01 00:00:00] -> [2022-03-01 23:55:00],835.95,-16.38,15.59,-27.66,12.35,-2.86,31.43,166.58,249.0,83.0,166.0,33.33,-0.02,1.41,-0.74,1000,2,-5,0,-10.0,10,1.2,30,20,312,216,10,50,45
32,[2022-02-01 00:00:00] -> [2022-03-01 23:55:00],968.42,-3.12,15.59,-16.19,12.47,-4.03,24.86,144.62,201.0,69.0,132.0,34.33,0.04,1.73,-0.85,1000,2,-5,0,-10.0,10,1.2,40,20,312,216,10,50,45
33,[2022-02-01 00:00:00] -> [2022-03-01 23:55:00],747.14,-25.26,15.59,-35.34,6.31,-2.77,29.03,171.26,275.0,84.0,191.0,30.55,-0.06,1.36,-0.69,1000,2,-5,0,-10.0,10,1.6,20,20,312,216,10,50,45
34,[2022-02-01 00:00:00] -> [2022-03-01 23:55:00],799.84,-19.99,15.59,-30.78,12.35,-3.02,31.98,140.4,212.0,73.0,139.0,34.43,-0.06,1.43,-0.84,1000,2,-5,0,-10.0,10,1.6,30,20,312,216,10,50,45
35,[2022-02-01 00:00:00] -> [2022-03-01 23:55:00],879.71,-12.0,15.59,-23.87,11.68,-3.33,33.24,118.41,170.0,54.0,116.0,31.76,-0.03,1.74,-0.85,1000,2,-5,0,-10.0,10,1.6,40,20,312,216,10,50,45
36,[2022-02-01 00:00:00] -> [2022-03-01 23:55:00],932.33,-6.73,15.59,-19.32,19.83,-3.06,24.18,155.86,215.0,74.0,141.0,34.42,0.02,1.63,-0.82,1000,2,-5,0,-10.0,10,2.0,20,20,312,216,10,50,45
37,[2022-02-01 00:00:00] -> [2022-03-01 23:55:00],1062.86,6.32,15.59,-8.02,12.35,-3.09,29.8,130.07,172.0,60.0,112.0,34.88,0.09,1.89,-0.87,1000,2,-5,0,-10.0,10,2.0,30,20,312,216,10,50,45
38,[2022-02-01 00:00:00] -> [2022-03-01 23:55:00],934.75,-6.49,15.59,-19.11,11.4,-3.77,33.62,97.5,137.0,44.0,93.0,32.12,0.01,2.12,-0.99,1000,2,-5,0,-10.0,10,2.0,40,20,312,216,10,50,45
39,[2022-02-01 00:00:00] -> [2022-03-01 23:55:00],1091.44,9.18,15.59,-5.55,48.07,-4.12,36.33,123.96,141.0,49.0,92.0,34.75,0.18,2.52,-1.07,1000,2,-5,0,-10.0,10,2.4,20,20,312,216,10,50,45
40,[2022-02-01 00:00:00] -> [2022-03-01 23:55:00],1165.18,16.56,15.59,0.83,38.96,-4.26,30.31,112.04,131.0,43.0,88.0,32.82,0.22,2.77,-1.03,1000,2,-5,0,-10.0,10,2.4,30,20,312,216,10,50,45
41,[2022-02-01 00:00:00] -> [2022-03-01 23:55:00],863.51,-13.62,15.59,-25.27,11.45,-5.8,39.29,76.12,117.0,39.0,78.0,33.33,-0.06,2.21,-1.2,1000,2,-5,0,-10.0,10,2.4,40,20,312,216,10,50,45
42,[2022-02-01 00:00:00] -> [2022-03-01 23:55:00],988.22,-1.14,15.59,-14.48,32.95,-4.21,34.48,66.71,92.0,33.0,59.0,35.87,0.09,2.7,-1.36,1000,2,-5,0,-10.0,10,2.8,20,20,312,216,10,50,45
43,[2022-02-01 00:00:00] -> [2022-03-01 23:55:00],1068.2,6.86,15.59,-7.56,28.26,-4.19,32.8,58.29,74.0,27.0,47.0,36.49,0.2,2.99,-1.41,1000,2,-5,0,-10.0,10,2.8,30,20,312,216,10,50,45
44,[2022-02-01 00:00:00] -> [2022-03-01 23:55:00],754.9,-24.48,15.59,-34.67,12.55,-5.93,43.68,45.91,73.0,23.0,50.0,31.51,-0.3,2.66,-1.66,1000,2,-5,0,-10.0,10,2.8,40,20,312,216,10,50,45
45,[2022-02-01 00:00:00] -> [2022-03-01 23:55:00],1019.45,1.98,15.59,-11.78,14.09,-2.55,17.13,186.16,262.0,84.0,178.0,32.06,0.05,1.36,-0.57,1000,2,-5,0,-10.0,15,1.2,20,20,312,216,10,50,45
46,[2022-02-01 00:00:00] -> [2022-03-01 23:55:00],1129.84,13.02,15.59,-2.22,12.33,-2.6,12.59,150.77,192.0,72.0,120.0,37.5,0.11,1.48,-0.71,1000,2,-5,0,-10.0,15,1.2,30,20,312,216,10,50,45
47,[2022-02-01 00:00:00] -> [2022-03-01 23:55:00],1099.26,9.96,15.59,-4.87,11.5,-4.02,20.75,129.99,163.0,57.0,106.0,34.97,0.11,1.87,-0.83,1000,2,-5,0,-10.0,15,1.2,40,20,312,216,10,50,45
48,[2022-02-01 00:00:00] -> [2022-03-01 23:55:00],950.21,-4.95,15.59,-17.77,11.97,-3.16,20.47,160.98,216.0,66.0,150.0,30.56,0.02,1.59,-0.67,1000,2,-5,0,-10.0,15,1.6,20,20,312,216,10,50,45
49,[2022-02-01 00:00:00] -> [2022-03-01 23:55:00],1113.99,11.44,15.59,-3.6,11.9,-3.15,19.27,137.39,169.0,59.0,110.0,34.91,0.12,1.78,-0.78,1000,2,-5,0,-10.0,15,1.6,30,20,312,216,10,50,45
50,[2022-02-01 00:00:00] -> [2022-03-01 23:55:00],1260.61,26.1,15.59,9.09,12.35,-3.23,24.39,121.51,138.0,45.0,93.0,32.61,0.23,2.44,-0.84,1000,2,-5,0,-10.0,15,1.6,40,20,312,216,10,50,45
51,[2022-02-01 00:00:00] -> [2022-03-01 23:55:00],1143.92,14.43,15.59,-1.01,12.3,-3.16,16.26,139.88,172.0,60.0,112.0,34.88,0.13,1.73,-0.73,1000,2,-5,0,-10.0,15,2.0,20,20,312,216,10,50,45
52,[2022-02-01 00:00:00] -> [2022-03-01 23:55:00],1197.19,19.76,15.59,3.61,12.04,-3.44,20.31,117.2,145.0,49.0,96.0,33.79,0.18,2.12,-0.81,1000,2,-5,0,-10.0,15,2.0,30,20,312,216,10,50,45
53,[2022-02-01 00:00:00] -> [2022-03-01 23:55:00],1307.38,30.78,15.59,13.14,13.11,-3.65,26.64,98.72,114.0,37.0,77.0,32.46,0.3,2.85,-0.92,1000,2,-5,0,-10.0,15,2.0,40,20,312,216,10,50,45
54,[2022-02-01 00:00:00] -> [2022-03-01 23:55:00],1126.96,12.74,15.59,-2.47,46.53,-3.44,31.8,106.66,123.0,39.0,84.0,31.71,0.21,2.68,-0.93,1000,2,-5,0,-10.0,15,2.4,20,20,312,216,10,50,45
55,[2022-02-01 00:00:00] -> [2022-03-01 23:55:00],1485.61,48.61,15.59,28.56,45.08,-3.14,24.18,111.22,110.0,37.0,73.0,33.64,0.48,3.24,-0.91,1000,2,-5,0,-10.0,15,2.4,30,20,312,216,10,50,45
56,[2022-02-01 00:00:00] -> [2022-03-01 23:55:00],1354.98,35.55,15.59,17.26,16.81,-3.28,32.27,79.43,94.0,34.0,60.0,36.17,0.4,3.08,-1.11,1000,2,-5,0,-10.0,15,2.4,40,20,312,216,10,50,45
57,[2022-02-01 00:00:00] -> [2022-03-01 23:55:00],1420.78,42.13,15.59,22.95,42.55,-3.99,30.55,73.98,83.0,30.0,53.0,36.14,0.58,3.9,-1.29,1000,2,-5,0,-10.0,15,2.8,20,20,312,216,10,50,45
58,[2022-02-01 00:00:00] -> [2022-03-01 23:55:00],945.7,-5.4,15.59,-18.16,19.53,-5.33,32.72,44.66,69.0,26.0,43.0,37.68,0.01,2.6,-1.56,1000,2,-5,0,-10.0,15,2.8,30,20,312,216,10,50,45
59,[2022-02-01 00:00:00] -> [2022-03-01 23:55:00],950.76,-4.89,15.59,-17.72,16.81,-5.87,38.71,45.89,69.0,24.0,45.0,34.78,0.03,3.28,-1.71,1000,2,-5,0,-10.0,15,2.8,40,20,312,216,10,50,45
60,[2022-02-01 00:00:00] -> [2022-03-01 23:55:00],1196.82,19.72,15.59,3.57,9.73,-2.58,13.44,126.87,161.0,57.0,104.0,35.4,0.16,1.57,-0.62,1000,2,-5,0,-10.0,20,1.2,20,20,312,216,10,50,45
61,[2022-02-01 00:00:00] -> [2022-03-01 23:55:00],974.76,-2.49,15.59,-15.64,6.15,-2.22,14.84,93.93,129.0,48.0,81.0,37.21,0.02,1.44,-0.82,1000,2,-5,0,-10.0,20,1.2,30,20,312,216,10,50,45
62,[2022-02-01 00:00:00] -> [2022-03-01 23:55:00],923.47,-7.62,15.59,-20.08,5.74,-3.14,19.21,81.48,113.0,42.0,71.0,37.17,-0.03,1.4,-0.87,1000,2,-5,0,-10.0,20,1.2,40,20,312,216,10,50,45
63,[2022-02-01 00:00:00] -> [2022-03-01 23:55:00],1074.94,7.53,15.59,-6.97,9.42,-1.92,16.45,104.8,142.0,50.0,92.0,35.21,0.1,1.57,-0.7,1000,2,-5,0,-10.0,20,1.6,20,20,312,216,10,50,45
64,[2022-02-01 00:00:00] -> [2022-03-01 23:55:00],944.86,-5.48,15.59,-18.23,6.31,-3.12,17.87,82.5,112.0,43.0,69.0,38.39,-0.0,1.51,-0.95,1000,2,-5,0,-10.0,20,1.6,30,20,312,216,10,50,45
65,[2022-02-01 00:00:00] -> [2022-03-01 23:55:00],1214.58,21.5,15.59,5.11,11.66,-3.05,13.15,82.64,94.0,37.0,57.0,39.36,0.27,2.08,-0.91,1000,2,-5,0,-10.0,20,1.6,40,20,312,216,10,50,45
66,[2022-02-01 00:00:00] -> [2022-03-01 23:55:00],892.78,-10.69,15.59,-22.74,6.92,-3.15,19.71,83.99,119.0,47.0,72.0,39.5,-0.05,1.17,-0.85,1000,2,-5,0,-10.0,20,2.0,20,20,312,216,10,50,45
67,[2022-02-01 00:00:00] -> [2022-03-01 23:55:00],1028.15,2.85,15.59,-11.02,5.6,-2.95,16.43,69.93,96.0,38.0,58.0,39.58,0.08,1.57,-0.9,1000,2,-5,0,-10.0,20,2.0,30,20,312,216,10,50,45
68,[2022-02-01 00:00:00] -> [2022-03-01 23:55:00],1039.08,3.94,15.59,-10.08,10.39,-3.69,23.15,70.16,86.0,31.0,55.0,36.05,0.11,2.17,-1.06,1000,2,-5,0,-10.0,20,2.0,40,20,312,216,10,50,45
69,[2022-02-01 00:00:00] -> [2022-03-01 23:55:00],942.63,-5.7,15.59,-18.42,4.77,-6.64,22.02,60.7,87.0,39.0,48.0,44.83,-0.02,1.26,-1.06,1000,2,-5,0,-10.0,20,2.4,20,20,312,216,10,50,45
70,[2022-02-01 00:00:00] -> [2022-03-01 23:55:00],1416.48,41.7,15.59,22.58,45.27,-3.59,18.73,79.71,79.0,34.0,45.0,43.04,0.6,2.95,-1.18,1000,2,-5,0,-10.0,20,2.4,30,20,312,216,10,50,45
71,[2022-02-01 00:00:00] -> [2022-03-01 23:55:00],1144.27,14.47,15.59,-0.98,16.97,-3.63,21.5,54.0,71.0,30.0,41.0,42.25,0.27,2.34,-1.25,1000,2,-5,0,-10.0,20,2.4,40,20,312,216,10,50,45
72,[2022-02-01 00:00:00] -> [2022-03-01 23:55:00],989.88,-0.98,15.59,-14.34,14.69,-6.61,28.16,38.15,54.0,22.0,32.0,40.74,0.06,2.44,-1.58,1000,2,-5,0,-10.0,20,2.8,20,20,312,216,10,50,45
73,[2022-02-01 00:00:00] -> [2022-03-01 23:55:00],1154.94,15.53,15.59,-0.05,22.07,-4.9,29.75,38.54,52.0,20.0,32.0,38.46,0.41,3.96,-1.81,1000,2,-5,0,-10.0,20,2.8,30,20,312,216,10,50,45
74,[2022-02-01 00:00:00] -> [2022-03-01 23:55:00],985.69,-1.4,15.59,-14.7,16.57,-6.04,32.53,34.69,50.0,21.0,29.0,42.0,0.06,2.77,-1.89,1000,2,-5,0,-10.0,20,2.8,40,20,312,216,10,50,45
75,[2022-02-01 00:00:00] -> [2022-03-01 23:55:00],713.26,-28.65,15.59,-38.27,5.8,-2.73,34.53,375.34,650.0,283.0,367.0,43.54,-0.01,0.61,-0.5,1000,2,-5,0,0.0,0,1.2,20,20,312,216,10,50,45
76,[2022-02-01 00:00:00] -> [2022-03-01 23:55:00],687.8,-31.2,15.59,-40.48,6.66,-3.38,37.54,343.27,618.0,269.0,349.0,43.53,-0.02,0.62,-0.52,1000,2,-5,0,0.0,0,1.2,30,20,312,216,10,50,45
77,[2022-02-01 00:00:00] -> [2022-03-01 23:55:00],702.03,-29.77,15.59,-39.25,6.66,-4.29,36.48,340.81,613.0,270.0,343.0,44.05,-0.02,0.62,-0.52,1000,2,-5,0,0.0,0,1.2,40,20,312,216,10,50,45
78,[2022-02-01 00:00:00] -> [2022-03-01 23:55:00],683.45,-31.63,15.59,-40.85,5.29,-2.44,39.15,339.35,627.0,276.0,351.0,44.02,-0.02,0.6,-0.51,1000,2,-5,0,0.0,0,1.6,20,20,312,216,10,50,45
79,[2022-02-01 00:00:00] -> [2022-03-01 23:55:00],705.6,-29.42,15.59,-38.94,6.66,-3.38,36.82,337.72,606.0,269.0,337.0,44.39,-0.02,0.62,-0.53,1000,2,-5,0,0.0,0,1.6,30,20,312,216,10,50,45
80,[2022-02-01 00:00:00] -> [2022-03-01 23:55:00],716.46,-28.33,15.59,-38.0,6.66,-4.29,35.72,339.67,599.0,265.0,334.0,44.24,-0.02,0.63,-0.53,1000,2,-5,0,0.0,0,1.6,40,20,312,216,10,50,45
81,[2022-02-01 00:00:00] -> [2022-03-01 23:55:00],733.76,-26.6,15.59,-36.5,6.66,-2.44,35.53,348.28,614.0,274.0,340.0,44.63,-0.01,0.6,-0.5,1000,2,-5,0,0.0,0,2.0,20,20,312,216,10,50,45
82,[2022-02-01 00:00:00] -> [2022-03-01 23:55:00],747.25,-25.25,15.59,-35.33,6.66,-4.25,33.95,341.41,595.0,265.0,330.0,44.54,-0.01,0.63,-0.52,1000,2,-5,0,0.0,0,2.0,30,20,312,216,10,50,45
83,[2022-02-01 00:00:00] -> [2022-03-01 23:55:00],735.06,-26.47,15.59,-36.39,6.66,-4.6,34.25,337.34,594.0,266.0,328.0,44.78,-0.01,0.62,-0.53,1000,2,-5,0,0.0,0,2.0,40,20,312,216,10,50,45
84,[2022-02-01 00:00:00] -> [2022-03-01 23:55:00],750.25,-24.95,15.59,-35.07,6.66,-2.72,32.61,350.17,597.0,266.0,331.0,44.56,-0.01,0.62,-0.52,1000,2,-5,0,0.0,0,2.4,20,20,312,216,10,50,45
85,[2022-02-01 00:00:00] -> [2022-03-01 23:55:00],753.31,-24.64,15.59,-34.81,6.66,-4.22,31.99,342.96,591.0,262.0,329.0,44.33,-0.01,0.63,-0.52,1000,2,-5,0,0.0,0,2.4,30,20,312,216,10,50,45
86,[2022-02-01 00:00:00] -> [2022-03-01 23:55:00],745.64,-25.41,15.59,-35.47,6.66,-4.22,33.27,339.4,591.0,262.0,329.0,44.33,-0.01,0.63,-0.52,1000,2,-5,0,0.0,0,2.4,40,20,312,216,10,50,45
87,[2022-02-01 00:00:00] -> [2022-03-01 23:55:00],747.78,-25.2,15.59,-35.29,6.66,-4.13,32.77,341.53,590.0,262.0,328.0,44.41,-0.01,0.63,-0.52,1000,2,-5,0,0.0,0,2.8,20,20,312,216,10,50,45
88,[2022-02-01 00:00:00] -> [2022-03-01 23:55:00],757.92,-24.18,15.59,-34.41,6.66,-4.22,31.86,345.19,590.0,261.0,329.0,44.24,-0.01,0.63,-0.52,1000,2,-5,0,0.0,0,2.8,30,20,312,216,10,50,45
89,[2022-02-01 00:00:00] -> [2022-03-01 23:55:00],754.95,-24.48,15.59,-34.67,6.66,-4.22,32.12,345.09,590.0,261.0,329.0,44.24,-0.01,0.63,-0.52,1000,2,-5,0,0.0,0,2.8,40,20,312,216,10,50,45
90,[2022-02-01 00:00:00] -> [2022-03-01 23:55:00],790.88,-20.88,15.59,-31.56,5.8,-2.73,28.0,372.58,619.0,268.0,351.0,43.3,0.0,0.63,-0.48,1000,2,-5,0,0.0,5,1.2,20,20,312,216,10,50,45
91,[2022-02-01 00:00:00] -> [2022-03-01 23:55:00],803.33,-19.64,15.59,-30.48,6.66,-3.32,27.85,346.51,584.0,258.0,326.0,44.18,0.0,0.65,-0.51,1000,2,-5,0,0.0,5,1.2,30,20,312,216,10,50,45
92,[2022-02-01 00:00:00] -> [2022-03-01 23:55:00],816.65,-18.31,15.59,-29.33,6.66,-4.22,26.42,345.14,582.0,259.0,323.0,44.5,0.0,0.64,-0.51,1000,2,-5,0,0.0,5,1.2,40,20,312,216,10,50,45
93,[2022-02-01 00:00:00] -> [2022-03-01 23:55:00],769.95,-22.98,15.59,-33.37,5.29,-2.44,32.38,341.73,597.0,262.0,335.0,43.89,-0.01,0.62,-0.5,1000,2,-5,0,0.0,5,1.6,20,20,312,216,10,50,45
94,[2022-02-01 00:00:00] -> [2022-03-01 23:55:00],829.58,-17.01,15.59,-28.21,6.66,-3.32,26.87,342.24,575.0,261.0,314.0,45.39,0.01,0.64,-0.52,1000,2,-5,0,0.0,5,1.6,30,20,312,216,10,50,45
95,[2022-02-01 00:00:00] -> [2022-03-01 23:55:00],847.15,-15.26,15.59,-26.69,6.66,-4.22,25.53,345.79,570.0,255.0,315.0,44.74,0.01,0.66,-0.51,1000,2,-5,0,0.0,5,1.6,40,20,312,216,10,50,45
96,[2022-02-01 00:00:00] -> [2022-03-01 23:55:00],855.37,-14.43,15.59,-25.98,6.66,-2.44,26.8,351.52,585.0,261.0,324.0,44.62,0.01,0.62,-0.48,1000,2,-5,0,0.0,5,2.0,20,20,312,216,10,50,45
97,[2022-02-01 00:00:00] -> [2022-03-01 23:55:00],861.0,-13.87,15.59,-25.49,6.66,-4.18,24.57,345.96,568.0,256.0,312.0,45.07,0.01,0.65,-0.51,1000,2,-5,0,0.0,5,2.0,30,20,312,216,10,50,45
98,[2022-02-01 00:00:00] -> [2022-03-01 23:55:00],862.02,-13.77,15.59,-25.4,6.66,-4.6,24.09,344.11,567.0,257.0,310.0,45.33,0.01,0.64,-0.51,1000,2,-5,0,0.0,5,2.0,40,20,312,216,10,50,45
99,[2022-02-01 00:00:00] -> [2022-03-01 23:55:00],895.23,-10.45,15.59,-22.53,6.66,-2.72,21.62,358.39,569.0,256.0,313.0,44.99,0.02,0.65,-0.49,1000,2,-5,0,0.0,5,2.4,20,20,312,216,10,50,45
100,[2022-02-01 00:00:00] -> [2022-03-01 23:55:00],900.34,-9.93,15.59,-22.08,6.66,-4.22,20.4,350.83,562.0,254.0,308.0,45.2,0.02,0.65,-0.5,1000,2,-5,0,0.0,5,2.4,30,20,312,216,10,50,45
101,[2022-02-01 00:00:00] -> [2022-03-01 23:55:00],891.16,-10.85,15.59,-22.88,6.66,-4.22,21.65,346.98,562.0,254.0,308.0,45.2,0.02,0.65,-0.5,1000,2,-5,0,0.0,5,2.4,40,20,312,216,10,50,45
102,[2022-02-01 00:00:00] -> [2022-03-01 23:55:00],897.66,-10.2,15.59,-22.32,6.66,-4.22,21.04,351.52,561.0,254.0,307.0,45.28,0.02,0.65,-0.5,1000,2,-5,0,0.0,5,2.8,20,20,312,216,10,50,45
103,[2022-02-01 00:00:00] -> [2022-03-01 23:55:00],903.21,-9.65,15.59,-21.84,6.66,-4.22,20.69,352.83,561.0,253.0,308.0,45.1,0.02,0.66,-0.5,1000,2,-5,0,0.0,5,2.8,30,20,312,216,10,50,45
104,[2022-02-01 00:00:00] -> [2022-03-01 23:55:00],902.31,-9.74,15.59,-21.91,6.66,-4.22,20.48,352.96,561.0,253.0,308.0,45.1,0.02,0.66,-0.5,1000,2,-5,0,0.0,5,2.8,40,20,312,216,10,50,45
105,[2022-02-01 00:00:00] -> [2022-03-01 23:55:00],902.84,-9.68,15.59,-21.87,7.01,-2.7,24.86,351.04,543.0,243.0,300.0,44.75,0.02,0.66,-0.5,1000,2,-5,0,0.0,10,1.2,20,20,312,216,10,50,45
106,[2022-02-01 00:00:00] -> [2022-03-01 23:55:00],987.2,-1.25,15.59,-14.57,7.01,-2.48,19.71,339.59,513.0,237.0,276.0,46.2,0.04,0.68,-0.52,1000,2,-5,0,0.0,10,1.2,30,20,312,216,10,50,45
107,[2022-02-01 00:00:00] -> [2022-03-01 23:55:00],1030.46,3.08,15.59,-10.82,7.01,-2.59,19.15,343.21,507.0,233.0,274.0,45.96,0.05,0.69,-0.5,1000,2,-5,0,0.0,10,1.2,40,20,312,216,10,50,45
108,[2022-02-01 00:00:00] -> [2022-03-01 23:55:00],920.53,-7.91,15.59,-20.34,7.01,-2.44,25.15,346.04,534.0,246.0,288.0,46.07,0.02,0.65,-0.51,1000,2,-5,0,0.0,10,1.6,20,20,312,216,10,50,45
109,[2022-02-01 00:00:00] -> [2022-03-01 23:55:00],1017.78,1.81,15.59,-11.92,7.01,-2.9,20.05,343.59,507.0,238.0,269.0,46.94,0.04,0.68,-0.52,1000,2,-5,0,0.0,10,1.6,30,20,312,216,10,50,45
110,[2022-02-01 00:00:00] -> [2022-03-01 23:55:00],1038.19,3.86,15.59,-10.15,7.01,-2.64,21.11,349.31,503.0,234.0,269.0,46.52,0.05,0.69,-0.51,1000,2,-5,0,0.0,10,1.6,40,20,312,216,10,50,45
111,[2022-02-01 00:00:00] -> [2022-03-01 23:55:00],1033.64,3.4,15.59,-10.55,7.01,-2.44,20.99,355.25,515.0,239.0,276.0,46.41,0.05,0.66,-0.49,1000,2,-5,0,0.0,10,2.0,20,20,312,216,10,50,45
112,[2022-02-01 00:00:00] -> [2022-03-01 23:55:00],1062.7,6.31,15.59,-8.03,7.01,-2.69,19.37,348.12,500.0,233.0,267.0,46.6,0.05,0.69,-0.5,1000,2,-5,0,0.0,10,2.0,30,20,312,216,10,50,45
113,[2022-02-01 00:00:00] -> [2022-03-01 23:55:00],1037.72,3.81,15.59,-10.2,7.01,-4.27,20.08,342.11,500.0,234.0,266.0,46.8,0.05,0.69,-0.52,1000,2,-5,0,0.0,10,2.0,40,20,312,216,10,50,45
114,[2022-02-01 00:00:00] -> [2022-03-01 23:55:00],1050.19,5.06,15.59,-9.12,7.01,-2.59,18.92,347.43,502.0,234.0,268.0,46.61,0.05,0.68,-0.5,1000,2,-5,0,0.0,10,2.4,20,20,312,216,10,50,45
115,[2022-02-01 00:00:00] -> [2022-03-01 23:55:00],1055.69,5.61,15.59,-8.64,7.01,-3.89,19.78,346.91,498.0,232.0,266.0,46.59,0.05,0.69,-0.51,1000,2,-5,0,0.0,10,2.4,30,20,312,216,10,50,45
116,[2022-02-01 00:00:00] -> [2022-03-01 23:55:00],1072.88,7.33,15.59,-7.15,7.01,-3.89,18.26,343.28,497.0,232.0,265.0,46.68,0.05,0.69,-0.5,1000,2,-5,0,0.0,10,2.4,40,20,312,216,10,50,45
117,[2022-02-01 00:00:00] -> [2022-03-01 23:55:00],1057.02,5.74,15.59,-8.53,7.01,-3.89,18.94,342.62,496.0,232.0,264.0,46.77,0.05,0.69,-0.51,1000,2,-5,0,0.0,10,2.8,20,20,312,216,10,50,45
118,[2022-02-01 00:00:00] -> [2022-03-01 23:55:00],1059.41,5.98,15.59,-8.32,7.01,-3.89,19.22,344.48,497.0,232.0,265.0,46.68,0.05,0.69,-0.5,1000,2,-5,0,0.0,10,2.8,30,20,312,216,10,50,45
119,[2022-02-01 00:00:00] -> [2022-03-01 23:55:00],1069.95,7.03,15.59,-7.41,7.01,-3.89,18.36,344.94,497.0,232.0,265.0,46.68,0.05,0.69,-0.5,1000,2,-5,0,0.0,10,2.8,40,20,312,216,10,50,45
120,[2022-02-01 00:00:00] -> [2022-03-01 23:55:00],940.77,-5.89,15.59,-18.59,5.87,-2.86,21.37,263.69,388.0,170.0,218.0,43.81,0.02,0.67,-0.48,1000,2,-5,0,0.0,15,1.2,20,20,312,216,10,50,45
121,[2022-02-01 00:00:00] -> [2022-03-01 23:55:00],1074.64,7.5,15.59,-7.0,6.72,-2.65,16.13,269.59,367.0,176.0,191.0,47.96,0.06,0.66,-0.49,1000,2,-5,0,0.0,15,1.2,30,20,312,216,10,50,45
122,[2022-02-01 00:00:00] -> [2022-03-01 23:55:00],1103.99,10.44,15.59,-4.46,6.72,-2.75,16.83,270.27,363.0,173.0,190.0,47.66,0.07,0.67,-0.48,1000,2,-5,0,0.0,15,1.2,40,20,312,216,10,50,45
123,[2022-02-01 00:00:00] -> [2022-03-01 23:55:00],970.85,-2.88,15.59,-15.98,5.35,-2.45,20.18,261.93,374.0,174.0,200.0,46.52,0.03,0.66,-0.51,1000,2,-5,0,0.0,15,1.6,20,20,312,216,10,50,45
124,[2022-02-01 00:00:00] -> [2022-03-01 23:55:00],1067.61,6.8,15.59,-7.61,6.72,-3.06,16.8,264.71,363.0,173.0,190.0,47.66,0.06,0.66,-0.49,1000,2,-5,0,0.0,15,1.6,30,20,312,216,10,50,45
